Model,Mean Accuracy,Std Accuracy,Mean Precision,Std Precision,Mean Recall,Std Recall,Mean F1,Std F1,Mean ROC-AUC,Std ROC-AUC
Logistic Regression,0.920649436272012,0.005102938619055323,0.921135171628106,0.005303883188854025,0.920649436272012,0.005102938619055323,0.92063051544236,0.005263935501789974,0.9933998099349853,0.0003528456253594625
Decision Tree,0.8898035357873508,0.0069757843347654745,0.8926905403680486,0.00751142105134423,0.8898035357873508,0.0069757843347654745,0.8896290715182168,0.0075042649617673715,0.9780262011745309,0.002585254393044744
Random Forest,0.9166465273343775,0.0058652073868227525,0.9168397165529465,0.0059941104749562735,0.9166465273343775,0.0058652073868227525,0.9164735175697544,0.006062902665020213,0.9916786088061766,0.0005507855538735625
XGBoost,0.9221786389970958,0.009191649540242769,0.9225912830241653,0.009093407541920485,0.9221786389970958,0.009191649540242769,0.9221603738549252,0.009166532115650144,0.9937749323925196,0.0002849726555886583
Naive Bayes,0.8923944036920493,0.0020644140697937334,0.8937610337107333,0.0017028953320326855,0.8923944036920493,0.0020644140697937334,0.8924896187707567,0.001963780923999541,0.9891902622805212,0.0002288494696960253
